id,state
IMG_20230612_170052,PisangAwake_state1
IMG_20230612_170058,PisangAwake_state1
IMG_20230612_170103(1),PisangAwake_state1
IMG_20230612_170103,PisangAwake_state1
IMG_20230612_170341,PisangAwake_state1
IMG_20230612_170349,PisangAwake_state1
IMG_20230612_170354,PisangAwake_state1
IMG_20230612_195014,PisangAwake_state1
IMG_20230612_195018,PisangAwake_state1
IMG_20230612_195021,PisangAwake_state1
IMG_20230612_195024,PisangAwake_state1
IMG_20230612_195029,PisangAwake_state1
IMG_20230612_195032,PisangAwake_state1
IMG_20230612_195035,PisangAwake_state1
IMG_20230612_195250,PisangAwake_state1
IMG_20230612_195252,PisangAwake_state1
IMG_20230612_195254,PisangAwake_state1
IMG_20230612_195255,PisangAwake_state1
IMG_20230612_195259,PisangAwake_state1
IMG_20230612_195301,PisangAwake_state1
IMG_20230612_195303,PisangAwake_state1
IMG_20230612_195439,PisangAwake_state1
IMG_20230612_195444,PisangAwake_state1
IMG_20230612_195447,PisangAwake_state1
IMG_20230612_195450,PisangAwake_state1
IMG_20230612_195452,PisangAwake_state1
IMG_20230612_195455,PisangAwake_state1
IMG_20230612_195457,PisangAwake_state1
IMG_20230612_195459,PisangAwake_state1
IMG_20230612_195502,PisangAwake_state1
IMG_20230612_195504,PisangAwake_state1
IMG_20230612_195710,PisangAwake_state1
IMG_20230612_195716,PisangAwake_state1
IMG_20230612_195722,PisangAwake_state1
IMG_20230612_195727,PisangAwake_state1
IMG_20230612_195729,PisangAwake_state1
IMG_20230612_195732,PisangAwake_state1
IMG_20230612_195735,PisangAwake_state1
IMG_20230612_195854,PisangAwake_state1
IMG_20230612_195900,PisangAwake_state1
IMG_20230612_195903,PisangAwake_state1
IMG_20230612_195908,PisangAwake_state1
IMG_20230612_195911,PisangAwake_state1
IMG_20230612_195913,PisangAwake_state1
IMG_20230612_195915,PisangAwake_state1
IMG_20230612_200239,PisangAwake_state1
IMG_20230612_200242,PisangAwake_state1
IMG_20230612_200245,PisangAwake_state1
IMG_20230612_200247,PisangAwake_state1
IMG_20230612_200249,PisangAwake_state1
IMG_20230612_200252,PisangAwake_state1
IMG_20230612_200300,PisangAwake_state1
IMG_20230612_200417,PisangAwake_state1
IMG_20230612_200421,PisangAwake_state1
IMG_20230612_200425,PisangAwake_state1
IMG_20230612_200427,PisangAwake_state1
IMG_20230612_200431,PisangAwake_state1
IMG_20230612_200433,PisangAwake_state1
IMG_20230612_200436,PisangAwake_state1
IMG_20230612_200528,PisangAwake_state1
IMG_20230612_200532,PisangAwake_state1
IMG_20230612_200534,PisangAwake_state1
IMG_20230612_200537,PisangAwake_state1
IMG_20230612_200540,PisangAwake_state1
IMG_20230612_200543,PisangAwake_state1
IMG_20230612_200549,PisangAwake_state1
IMG_20230612_200720,PisangAwake_state1
IMG_20230612_200724,PisangAwake_state1
IMG_20230612_200727,PisangAwake_state1
IMG_20230612_200731,PisangAwake_state1
IMG_20230612_200734,PisangAwake_state1
IMG_20230612_200737,PisangAwake_state1
IMG_20230612_200744,PisangAwake_state1
IMG_20230612_200844,PisangAwake_state1
IMG_20230612_200852,PisangAwake_state1
IMG_20230612_200855,PisangAwake_state1
IMG_20230612_200859,PisangAwake_state1
IMG_20230612_200902,PisangAwake_state1
IMG_20230612_200908,PisangAwake_state1
IMG_20230612_200914,PisangAwake_state1
IMG_20230612_201135,PisangAwake_state1
IMG_20230612_201138,PisangAwake_state1
IMG_20230612_201140,PisangAwake_state1
IMG_20230612_201143,PisangAwake_state1
IMG_20230612_201146,PisangAwake_state1
IMG_20230612_201148,PisangAwake_state1
IMG_20230612_201150,PisangAwake_state1
IMG_20230612_201522,PisangAwake_state1
IMG_20230612_201525,PisangAwake_state1
IMG_20230612_201527,PisangAwake_state1
IMG_20230612_201529,PisangAwake_state1
IMG_20230612_201532,PisangAwake_state1
IMG_20230612_201534,PisangAwake_state1
IMG_20230612_201536,PisangAwake_state1
IMG_20230612_201641,PisangAwake_state1
IMG_20230612_201644,PisangAwake_state1
IMG_20230612_201646,PisangAwake_state1
IMG_20230612_201648,PisangAwake_state1
IMG_20230612_201650,PisangAwake_state1
IMG_20230612_201653,PisangAwake_state1
IMG_20230612_201655,PisangAwake_state1
IMG_20230613_164107,PisangAwake_state2
IMG_20230613_164112,PisangAwake_state2
IMG_20230613_164119,PisangAwake_state2
IMG_20230613_164122,PisangAwake_state2
IMG_20230613_164140,PisangAwake_state2
IMG_20230613_164144,PisangAwake_state2
IMG_20230613_164204,PisangAwake_state2
IMG_20230613_164701,PisangAwake_state2
IMG_20230613_164712,PisangAwake_state2
IMG_20230613_164718,PisangAwake_state2
IMG_20230613_164724,PisangAwake_state2
IMG_20230613_164728,PisangAwake_state2
IMG_20230613_164733,PisangAwake_state2
IMG_20230613_164736,PisangAwake_state2
IMG_20230613_164834,PisangAwake_state2
IMG_20230613_164841,PisangAwake_state2
IMG_20230613_164847,PisangAwake_state2
IMG_20230613_164855,PisangAwake_state2
IMG_20230613_164906,PisangAwake_state2
IMG_20230613_164909,PisangAwake_state2
IMG_20230613_164918,PisangAwake_state2
IMG_20230613_165229,PisangAwake_state2
IMG_20230613_165235,PisangAwake_state2
IMG_20230613_165242,PisangAwake_state2
IMG_20230613_165247,PisangAwake_state2
IMG_20230613_165251,PisangAwake_state2
IMG_20230613_165255,PisangAwake_state2
IMG_20230613_165301,PisangAwake_state2
IMG_20230613_165531,PisangAwake_state2
IMG_20230613_165535,PisangAwake_state2
IMG_20230613_165538,PisangAwake_state2
IMG_20230613_165541,PisangAwake_state2
IMG_20230613_165544,PisangAwake_state2
IMG_20230613_165547,PisangAwake_state2
IMG_20230613_165718,PisangAwake_state2
IMG_20230613_165733,PisangAwake_state2
IMG_20230613_165738,PisangAwake_state2
IMG_20230613_165744,PisangAwake_state2
IMG_20230613_165750,PisangAwake_state2
IMG_20230613_165755,PisangAwake_state2
IMG_20230613_165847,PisangAwake_state2
IMG_20230613_165850,PisangAwake_state2
IMG_20230613_165856,PisangAwake_state2
IMG_20230613_165901,PisangAwake_state2
IMG_20230613_165906,PisangAwake_state2
IMG_20230613_165909,PisangAwake_state2
IMG_20230613_165918,PisangAwake_state2
IMG_20230613_170015,PisangAwake_state2
IMG_20230613_170023,PisangAwake_state2
IMG_20230613_170029,PisangAwake_state2
IMG_20230613_170035,PisangAwake_state2
IMG_20230613_170047,PisangAwake_state2
IMG_20230613_170234,PisangAwake_state2
IMG_20230613_170239,PisangAwake_state2
IMG_20230613_170248,PisangAwake_state2
IMG_20230613_170253,PisangAwake_state2
IMG_20230613_170258,PisangAwake_state2
IMG_20230613_170304,PisangAwake_state2
IMG_20230613_170319,PisangAwake_state2
IMG_20230613_170435,PisangAwake_state2
IMG_20230613_170439,PisangAwake_state2
IMG_20230613_170444,PisangAwake_state2
IMG_20230613_170447,PisangAwake_state2
IMG_20230613_170450,PisangAwake_state2
IMG_20230613_170454,PisangAwake_state2
IMG_20230613_170458,PisangAwake_state2
IMG_20230613_170551,PisangAwake_state2
IMG_20230613_170553,PisangAwake_state2
IMG_20230613_170557,PisangAwake_state2
IMG_20230613_170600,PisangAwake_state2
IMG_20230613_170602,PisangAwake_state2
IMG_20230613_170606,PisangAwake_state2
IMG_20230613_170609,PisangAwake_state2
IMG_20230613_170732,PisangAwake_state2
IMG_20230613_170735,PisangAwake_state2
IMG_20230613_170738,PisangAwake_state2
IMG_20230613_170741,PisangAwake_state2
IMG_20230613_170744,PisangAwake_state2
IMG_20230613_170749,PisangAwake_state2
IMG_20230613_170752,PisangAwake_state2
IMG_20230613_170837,PisangAwake_state2
IMG_20230613_170840,PisangAwake_state2
IMG_20230613_170844,PisangAwake_state2
IMG_20230613_170846,PisangAwake_state2
IMG_20230613_170849,PisangAwake_state2
IMG_20230613_170853,PisangAwake_state2
IMG_20230613_170858,PisangAwake_state2
IMG_20230613_171058,PisangAwake_state2
IMG_20230613_171109,PisangAwake_state2
IMG_20230613_171112,PisangAwake_state2
IMG_20230613_171118,PisangAwake_state2
IMG_20230613_171124,PisangAwake_state2
IMG_20230613_171132,PisangAwake_state2
IMG_20230613_171147,PisangAwake_state2
IMG_20230614_180441,PisangAwake_state2
IMG_20230614_180449,PisangAwake_state2
IMG_20230614_180453,PisangAwake_state2
IMG_20230614_180457,PisangAwake_state2
IMG_20230614_181136,PisangAwake_state2
IMG_20230614_181147,PisangAwake_state2
IMG_20230614_181204,PisangAwake_state2
IMG_20230614_181216,PisangAwake_state2
IMG_20230614_181224,PisangAwake_state2
IMG_20230614_181227,PisangAwake_state2
IMG_20230614_181230,PisangAwake_state2
IMG_20230614_181426,PisangAwake_state2
IMG_20230614_181438,PisangAwake_state2
IMG_20230614_181458,PisangAwake_state2
IMG_20230614_181515,PisangAwake_state2
IMG_20230614_181540,PisangAwake_state2
IMG_20230614_181551,PisangAwake_state2
IMG_20230614_181609,PisangAwake_state2
IMG_20230614_182028,PisangAwake_state2
IMG_20230614_182035,PisangAwake_state2
IMG_20230614_182047,PisangAwake_state2
IMG_20230614_182051,PisangAwake_state2
IMG_20230614_182148,PisangAwake_state2
IMG_20230614_182151,PisangAwake_state2
IMG_20230614_182200,PisangAwake_state2
IMG_20230614_182204,PisangAwake_state2
IMG_20230614_182210,PisangAwake_state2
IMG_20230614_182217,PisangAwake_state2
IMG_20230614_182224,PisangAwake_state2
IMG_20230614_182309,PisangAwake_state2
IMG_20230614_182320,PisangAwake_state2
IMG_20230614_182327,PisangAwake_state2
IMG_20230614_182338,PisangAwake_state2
IMG_20230614_182341,PisangAwake_state2
IMG_20230614_182350,PisangAwake_state2
IMG_20230614_182405,PisangAwake_state2
IMG_20230614_182650,PisangAwake_state2
IMG_20230614_182900,PisangAwake_state2
IMG_20230614_182908,PisangAwake_state2
IMG_20230614_183010,PisangAwake_state2
IMG_20230614_183013,PisangAwake_state2
IMG_20230614_183021,PisangAwake_state2
IMG_20230615_174842,PisangAwake_state2
IMG_20230615_175013,PisangAwake_state2
1686929172085,PisangAwake_state3
1686929172776,PisangAwake_state3
1686929173222,PisangAwake_state3
1686929173687,PisangAwake_state3
1686929174132,PisangAwake_state3
1686929183211,PisangAwake_state3
1686929183371,PisangAwake_state3
1686929183519,PisangAwake_state3
1686929191063,PisangAwake_state3
1686929203757,PisangAwake_state3
1686929203900,PisangAwake_state3
1686929204656,PisangAwake_state3
1686929208733,PisangAwake_state3
1686929209129,PisangAwake_state3
1686932003145,PisangAwake_state3
1686932024971,PisangAwake_state3
IMG_20230613_170008,PisangAwake_state3
IMG_20230614_180427,PisangAwake_state3
IMG_20230614_180433,PisangAwake_state3
IMG_20230614_180811,PisangAwake_state3
IMG_20230614_180814,PisangAwake_state3
IMG_20230614_180818,PisangAwake_state3
IMG_20230614_180829,PisangAwake_state3
IMG_20230614_180838,PisangAwake_state3
IMG_20230614_180848,PisangAwake_state3
IMG_20230614_180855,PisangAwake_state3
IMG_20230614_181720,PisangAwake_state3
IMG_20230614_181727,PisangAwake_state3
IMG_20230614_181738,PisangAwake_state3
IMG_20230614_181745,PisangAwake_state3
IMG_20230614_181756,PisangAwake_state3
IMG_20230614_181806,PisangAwake_state3
IMG_20230614_181815,PisangAwake_state3
IMG_20230614_181951,PisangAwake_state3
IMG_20230614_182013,PisangAwake_state3
IMG_20230614_182021,PisangAwake_state3
IMG_20230614_182655,PisangAwake_state3
IMG_20230614_182702,PisangAwake_state3
IMG_20230614_182711,PisangAwake_state3
IMG_20230614_182717,PisangAwake_state3
IMG_20230614_182725,PisangAwake_state3
IMG_20230614_182729,PisangAwake_state3
IMG_20230614_182831,PisangAwake_state3
IMG_20230614_182839,PisangAwake_state3
IMG_20230614_182851,PisangAwake_state3
IMG_20230614_182917,PisangAwake_state3
IMG_20230614_183004,PisangAwake_state3
IMG_20230614_183007,PisangAwake_state3
IMG_20230614_183025,PisangAwake_state3
IMG_20230614_183033,PisangAwake_state3
IMG_20230615_174321,PisangAwake_state3
IMG_20230615_174330,PisangAwake_state3
IMG_20230615_174340,PisangAwake_state3
IMG_20230615_174350,PisangAwake_state3
IMG_20230615_174358,PisangAwake_state3
IMG_20230615_174404,PisangAwake_state3
IMG_20230615_174410,PisangAwake_state3
IMG_20230615_174517,PisangAwake_state3
IMG_20230615_174524,PisangAwake_state3
IMG_20230615_174528,PisangAwake_state3
IMG_20230615_174535,PisangAwake_state3
IMG_20230615_174539,PisangAwake_state3
IMG_20230615_174546,PisangAwake_state3
IMG_20230615_174553,PisangAwake_state3
IMG_20230615_174934,PisangAwake_state3
IMG_20230615_174944,PisangAwake_state3
IMG_20230615_174955,PisangAwake_state3
IMG_20230615_175006,PisangAwake_state3
IMG_20230615_175024,PisangAwake_state3
IMG_20230615_175034,PisangAwake_state3
IMG_20230615_175155,PisangAwake_state3
IMG_20230615_175219,PisangAwake_state3
IMG_20230615_175226,PisangAwake_state3
IMG_20230615_175233,PisangAwake_state3
IMG_20230615_175309,PisangAwake_state3
IMG_20230615_175317,PisangAwake_state3
IMG_20230615_175326,PisangAwake_state3
IMG_20230615_175418,PisangAwake_state3
IMG_20230615_175430,PisangAwake_state3
IMG_20230615_175440,PisangAwake_state3
IMG_20230615_175449,PisangAwake_state3
IMG_20230615_175501,PisangAwake_state3
IMG_20230615_175510,PisangAwake_state3
IMG_20230615_175517,PisangAwake_state3
IMG_20230615_175602,PisangAwake_state3
IMG_20230615_175607,PisangAwake_state3
IMG_20230615_175613,PisangAwake_state3
IMG_20230615_175622,PisangAwake_state3
IMG_20230615_175631,PisangAwake_state3
IMG_20230615_175641,PisangAwake_state3
IMG_20230615_175653,PisangAwake_state3
IMG_20230615_175727,PisangAwake_state3
IMG_20230615_175742,PisangAwake_state3
IMG_20230615_175750,PisangAwake_state3
IMG_20230615_175804,PisangAwake_state3
IMG_20230615_175828,PisangAwake_state3
IMG_20230615_175831,PisangAwake_state3
IMG_20230615_175836,PisangAwake_state3
IMG_20230615_175939,PisangAwake_state3
IMG_20230615_175948,PisangAwake_state3
IMG_20230615_175959,PisangAwake_state3
IMG_20230615_180005,PisangAwake_state3
IMG_20230615_180014,PisangAwake_state3
IMG_20230615_180019,PisangAwake_state3
IMG_20230615_180024,PisangAwake_state3
IMG_20230615_180131,PisangAwake_state3
IMG_20230615_180135,PisangAwake_state3
IMG_20230615_180139,PisangAwake_state3
IMG_20230615_180142,PisangAwake_state3
IMG_20230615_180145,PisangAwake_state3
IMG_20230615_180150,PisangAwake_state3
IMG_20230615_180157,PisangAwake_state3
IMG_20230615_180240,PisangAwake_state3
IMG_20230615_180245,PisangAwake_state3
IMG_20230615_180251,PisangAwake_state3
IMG_20230615_180258,PisangAwake_state3
IMG_20230615_180305,PisangAwake_state3
IMG_20230615_180312,PisangAwake_state3
IMG_20230615_180320,PisangAwake_state3
IMG_20230615_180403,PisangAwake_state3
IMG_20230615_180407,PisangAwake_state3
IMG_20230615_180415,PisangAwake_state3
IMG_20230615_180420,PisangAwake_state3
IMG_20230615_180426,PisangAwake_state3
IMG_20230615_180430,PisangAwake_state3
IMG_20230615_180436,PisangAwake_state3
IMG_20230615_180559,PisangAwake_state3
IMG_20230615_180605,PisangAwake_state3
IMG_20230615_180610,PisangAwake_state3
IMG_20230615_180615,PisangAwake_state3
IMG_20230615_180626,PisangAwake_state3
IMG_20230615_180633,PisangAwake_state3
IMG_20230615_180643,PisangAwake_state3
1686929172301,PisangAwake_state4
1686929172435,PisangAwake_state4
1686929182810,PisangAwake_state4
1686929183047,PisangAwake_state4
1686929183783,PisangAwake_state4
1686929184124,PisangAwake_state4
1686929189862,PisangAwake_state4
1686929190277,PisangAwake_state4
1686929190446,PisangAwake_state4
1686929190672,PisangAwake_state4
1686929190841,PisangAwake_state4
1686929198918,PisangAwake_state4
1686929199087,PisangAwake_state4
1686929199194,PisangAwake_state4
1686929199381,PisangAwake_state4
1686929199580,PisangAwake_state4
1686929199765,PisangAwake_state4
1686929199924,PisangAwake_state4
1686929204287,PisangAwake_state4
1686929204469,PisangAwake_state4
1686929204859,PisangAwake_state4
1686929205010,PisangAwake_state4
1686929208896,PisangAwake_state4
1686929209002,PisangAwake_state4
1686929209269,PisangAwake_state4
1686929209393,PisangAwake_state4
1686929209762,PisangAwake_state4
1686932002493,PisangAwake_state4
1686932002731,PisangAwake_state4
1686932002839,PisangAwake_state4
1686932003471,PisangAwake_state4
1686932003817,PisangAwake_state4
1686932004183,PisangAwake_state4
1686932007973,PisangAwake_state4
1686932008104,PisangAwake_state4
1686932008219,PisangAwake_state4
1686932008331,PisangAwake_state4
1686932008669,PisangAwake_state4
1686932009022,PisangAwake_state4
1686932009326,PisangAwake_state4
1686932012692,PisangAwake_state4
1686932012847,PisangAwake_state4
1686932012963,PisangAwake_state4
1686932013093,PisangAwake_state4
1686932013410,PisangAwake_state4
1686932013749,PisangAwake_state4
1686932014095,PisangAwake_state4
1686932018207,PisangAwake_state4
1686932018351,PisangAwake_state4
1686932018481,PisangAwake_state4
1686932018584,PisangAwake_state4
1686932018851,PisangAwake_state4
1686932019270,PisangAwake_state4
1686932019665,PisangAwake_state4
1686932025370,PisangAwake_state4
1686932025787,PisangAwake_state4
1686932026019,PisangAwake_state4
1686932026212,PisangAwake_state4
1686932026530,PisangAwake_state4
1686932026774,PisangAwake_state4
1686932034524,PisangAwake_state4
1686932034892,PisangAwake_state4
1686932035316,PisangAwake_state4
1686932035685,PisangAwake_state4
1686932035882,PisangAwake_state4
1686932036075,PisangAwake_state4
1686932036242,PisangAwake_state4
1686932040208,PisangAwake_state4
1686932040349,PisangAwake_state4
1686932040472,PisangAwake_state4
1686932040645,PisangAwake_state4
1686932040998,PisangAwake_state4
1686932041380,PisangAwake_state4
1686932041781,PisangAwake_state4
1686932045552,PisangAwake_state4
1686932045686,PisangAwake_state4
1686932045830,PisangAwake_state4
1686932045978,PisangAwake_state4
1686932046458,PisangAwake_state4
1686932046852,PisangAwake_state4
1686932047279,PisangAwake_state4
1687023866028,PisangAwake_state4
1687023870010,PisangAwake_state4
1687023870194,PisangAwake_state4
1687023870302,PisangAwake_state4
1687023870423,PisangAwake_state4
1687023870574,PisangAwake_state4
1687023870750,PisangAwake_state4
1687023870962,PisangAwake_state4
1687023875054,PisangAwake_state4
1687023875337,PisangAwake_state4
1687023875447,PisangAwake_state4
1687023878900,PisangAwake_state4
1687023879065,PisangAwake_state4
1687023879185,PisangAwake_state4
1687023879746,PisangAwake_state4
1687023880299,PisangAwake_state4
1687023883767,PisangAwake_state4
1687023883895,PisangAwake_state4
1687023884019,PisangAwake_state4
1687023884179,PisangAwake_state4
1687023884473,PisangAwake_state4
1687023884796,PisangAwake_state4
1687023885151,PisangAwake_state4
1687023899664,PisangAwake_state4
1687023899891,PisangAwake_state4
1687023900029,PisangAwake_state4
1687023900136,PisangAwake_state4
1687023900787,PisangAwake_state4
1687023901181,PisangAwake_state4
1687023905298,PisangAwake_state4
1687023905864,PisangAwake_state4
1687023910143,PisangAwake_state4
1687023910297,PisangAwake_state4
IMG_20230615_174709,PisangAwake_state4
IMG_20230615_174717,PisangAwake_state4
IMG_20230615_174805,PisangAwake_state4
IMG_20230615_174821,PisangAwake_state4
IMG_20230615_174827,PisangAwake_state4
IMG_20230618_231811,PisangAwake_state4
IMG_20230618_231816,PisangAwake_state4
IMG_20230618_231837,PisangAwake_state4
IMG_20230618_231841,PisangAwake_state4
IMG_20230618_231938,PisangAwake_state4
IMG_20230618_231942,PisangAwake_state4
IMG_20230618_231959,PisangAwake_state4
IMG_20230618_232746,PisangAwake_state4
IMG_20230618_232808,PisangAwake_state4
IMG_20230618_232812,PisangAwake_state4
IMG_20230618_232815,PisangAwake_state4
IMG_20230618_232823,PisangAwake_state4
IMG_20230618_232908,PisangAwake_state4
IMG_20230618_233023,PisangAwake_state4
IMG_20230618_233046,PisangAwake_state4
IMG_20230618_233138,PisangAwake_state4
IMG_20230618_233219,PisangAwake_state4
IMG_20230618_233511,PisangAwake_state4
1686825233472,Lebmuernang_state1
1686825233671,Lebmuernang_state1
1686825233787,Lebmuernang_state1
1686825233941,Lebmuernang_state1
1686825234177,Lebmuernang_state1
1686825234308,Lebmuernang_state1
1686825234484,Lebmuernang_state1
1686825239238,Lebmuernang_state1
1686825239362,Lebmuernang_state1
1686825239513,Lebmuernang_state1
1686825239626,Lebmuernang_state1
1686825239814,Lebmuernang_state1
1686825239957,Lebmuernang_state1
1686825240096,Lebmuernang_state1
1686825244642,Lebmuernang_state1
1686825244787,Lebmuernang_state1
1686825244925,Lebmuernang_state1
1686825245334,Lebmuernang_state1
1686825245676,Lebmuernang_state1
1686825245854,Lebmuernang_state1
1686825246068,Lebmuernang_state1
1686825250497,Lebmuernang_state1
1686825250717,Lebmuernang_state1
1686825250861,Lebmuernang_state1
1686825251221,Lebmuernang_state1
1686825251621,Lebmuernang_state1
1686825251974,Lebmuernang_state1
1686825252311,Lebmuernang_state1
1686827516620,Lebmuernang_state1
1686827516827,Lebmuernang_state1
1686827516957,Lebmuernang_state1
1686827517122,Lebmuernang_state1
1686827517283,Lebmuernang_state1
1686827517443,Lebmuernang_state1
1686827517606,Lebmuernang_state1
1686827522457,Lebmuernang_state1
1686827522640,Lebmuernang_state1
1686827522816,Lebmuernang_state1
1686827523003,Lebmuernang_state1
1686827523161,Lebmuernang_state1
1686827523360,Lebmuernang_state1
1686827523755,Lebmuernang_state1
1686827527137,Lebmuernang_state1
1686827527318,Lebmuernang_state1
1686827527447,Lebmuernang_state1
1686827527605,Lebmuernang_state1
1686827528006,Lebmuernang_state1
1686827528317,Lebmuernang_state1
1686827528660,Lebmuernang_state1
1686827532332,Lebmuernang_state1
1686827532524,Lebmuernang_state1
1686827532687,Lebmuernang_state1
1686827532822,Lebmuernang_state1
1686827532995,Lebmuernang_state1
1686827533175,Lebmuernang_state1
1686827533515,Lebmuernang_state1
1686827537375,Lebmuernang_state1
1686827537542,Lebmuernang_state1
1686827537706,Lebmuernang_state1
1686827537919,Lebmuernang_state1
1686827538113,Lebmuernang_state1
1686827538286,Lebmuernang_state1
1686827538706,Lebmuernang_state1
1686827542621,Lebmuernang_state1
1686827542778,Lebmuernang_state1
1686827542895,Lebmuernang_state1
1686827543024,Lebmuernang_state1
1686827543795,Lebmuernang_state1
1686827544140,Lebmuernang_state1
1686827544569,Lebmuernang_state1
1686827551147,Lebmuernang_state1
1686827551351,Lebmuernang_state1
1686827551469,Lebmuernang_state1
1686827551593,Lebmuernang_state1
1686827551903,Lebmuernang_state1
1686827552321,Lebmuernang_state1
1686827552646,Lebmuernang_state1
1686827630166,Lebmuernang_state1
1686827630484,Lebmuernang_state1
1686827630782,Lebmuernang_state1
1686827630977,Lebmuernang_state1
1686827631095,Lebmuernang_state1
1686827631228,Lebmuernang_state1
1686827631398,Lebmuernang_state1
1686928469502,Lebmuernang_state1
1686928469778,Lebmuernang_state1
1686928470013,Lebmuernang_state1
1686928470636,Lebmuernang_state1
1686928471037,Lebmuernang_state1
1686928471473,Lebmuernang_state1
1686928471846,Lebmuernang_state1
1686928505989,Lebmuernang_state1
1686928506185,Lebmuernang_state1
1686928506298,Lebmuernang_state1
1686928506561,Lebmuernang_state1
1686928506763,Lebmuernang_state1
1686928507018,Lebmuernang_state1
1686928507457,Lebmuernang_state1
1686935625508,Lebmuernang_state1
1686935625663,Lebmuernang_state1
1686935625771,Lebmuernang_state1
1686935625958,Lebmuernang_state1
1686935626119,Lebmuernang_state1
1686935626238,Lebmuernang_state1
1686935626442,Lebmuernang_state1
1686935632371,Lebmuernang_state1
1686935632559,Lebmuernang_state1
1686935632715,Lebmuernang_state1
1686935632886,Lebmuernang_state1
1686935633023,Lebmuernang_state1
1686935633162,Lebmuernang_state1
1686935633318,Lebmuernang_state1
1686935636653,Lebmuernang_state1
1686935636823,Lebmuernang_state1
1686935636960,Lebmuernang_state1
1686935637070,Lebmuernang_state1
1686935637270,Lebmuernang_state1
1686935637433,Lebmuernang_state1
1686935637550,Lebmuernang_state1
1686935641252,Lebmuernang_state1
1686935641404,Lebmuernang_state1
1686935641548,Lebmuernang_state1
1686935641667,Lebmuernang_state1
1686935641899,Lebmuernang_state1
1686935642053,Lebmuernang_state1
1686935642190,Lebmuernang_state1
1686935645776,Lebmuernang_state1
1686935645994,Lebmuernang_state1
1686935646170,Lebmuernang_state1
1686935646322,Lebmuernang_state1
1686935646555,Lebmuernang_state1
1686935646768,Lebmuernang_state1
1686935646960,Lebmuernang_state1
1686935652322,Lebmuernang_state1
1686935652525,Lebmuernang_state1
1686935652656,Lebmuernang_state1
1686935652816,Lebmuernang_state1
1686935652999,Lebmuernang_state1
1686935653225,Lebmuernang_state1
1686935653474,Lebmuernang_state1
1686935657501,Lebmuernang_state1
1686935657684,Lebmuernang_state1
1686935657787,Lebmuernang_state1
1686935657899,Lebmuernang_state1
1686935658108,Lebmuernang_state1
1686935658261,Lebmuernang_state1
1686935658495,Lebmuernang_state1
1686935662921,Lebmuernang_state1
1686935663071,Lebmuernang_state1
1686935663187,Lebmuernang_state1
1686935663379,Lebmuernang_state1
1686935663530,Lebmuernang_state1
1686935663724,Lebmuernang_state1
1686935663872,Lebmuernang_state1
1687023951078,Lebmuernang_state1
1687023951242,Lebmuernang_state1
1687023951368,Lebmuernang_state1
1687023951587,Lebmuernang_state1
1687023951737,Lebmuernang_state1
1687023951965,Lebmuernang_state1
1687023952195,Lebmuernang_state1
1686928477202,Lebmuernang_state2
1686928477374,Lebmuernang_state2
1686928477530,Lebmuernang_state2
1686928477726,Lebmuernang_state2
1686928477910,Lebmuernang_state2
1686928478109,Lebmuernang_state2
1686928478529,Lebmuernang_state2
1687006647907,Lebmuernang_state2
1687006648098,Lebmuernang_state2
1687006648268,Lebmuernang_state2
1687006654182,Lebmuernang_state2
1687006654332,Lebmuernang_state2
1687006654462,Lebmuernang_state2
1687006654641,Lebmuernang_state2
1687006654986,Lebmuernang_state2
1687006655270,Lebmuernang_state2
1687006655632,Lebmuernang_state2
1687006659669,Lebmuernang_state2
1687006659953,Lebmuernang_state2
1687006660300,Lebmuernang_state2
1687006660508,Lebmuernang_state2
1687006660789,Lebmuernang_state2
1687006660893,Lebmuernang_state2
1687006661029,Lebmuernang_state2
1687006664788,Lebmuernang_state2
1687006664948,Lebmuernang_state2
1687006665096,Lebmuernang_state2
1687006665211,Lebmuernang_state2
1687006665385,Lebmuernang_state2
1687006665607,Lebmuernang_state2
1687006665935,Lebmuernang_state2
1687006675200,Lebmuernang_state2
1687006675345,Lebmuernang_state2
1687006675453,Lebmuernang_state2
1687006675639,Lebmuernang_state2
1687006675787,Lebmuernang_state2
1687006675898,Lebmuernang_state2
1687006676083,Lebmuernang_state2
1687023211608,Lebmuernang_state2
1687023211787,Lebmuernang_state2
1687023211932,Lebmuernang_state2
1687023212314,Lebmuernang_state2
1687023212649,Lebmuernang_state2
1687023213044,Lebmuernang_state2
1687023219643,Lebmuernang_state2
1687023219785,Lebmuernang_state2
1687023219961,Lebmuernang_state2
1687023220100,Lebmuernang_state2
1687023220206,Lebmuernang_state2
1687023220318,Lebmuernang_state2
1687023223790,Lebmuernang_state2
1687023224023,Lebmuernang_state2
1687023224176,Lebmuernang_state2
1687023224309,Lebmuernang_state2
1687023224683,Lebmuernang_state2
1687023225072,Lebmuernang_state2
1687023225449,Lebmuernang_state2
1687023230677,Lebmuernang_state2
1687023230821,Lebmuernang_state2
1687023230934,Lebmuernang_state2
1687023231102,Lebmuernang_state2
1687023231463,Lebmuernang_state2
1687023231858,Lebmuernang_state2
1687023232227,Lebmuernang_state2
1687023236614,Lebmuernang_state2
1687023236820,Lebmuernang_state2
1687023236956,Lebmuernang_state2
1687023237069,Lebmuernang_state2
1687023237245,Lebmuernang_state2
1687023237391,Lebmuernang_state2
1687023237691,Lebmuernang_state2
IMG_20230618_203323,Lebmuernang_state2
IMG_20230618_203429,Lebmuernang_state2
IMG_20230618_204002,Lebmuernang_state2
IMG_20230618_204017,Lebmuernang_state2
IMG_20230618_204042,Lebmuernang_state2
IMG_20230618_204051,Lebmuernang_state2
IMG_20230618_204053,Lebmuernang_state2
1686825233472,Lebmuernang_state1
1686825233671,Lebmuernang_state1
1686825233787,Lebmuernang_state1
1686825233941,Lebmuernang_state1
1686825234177,Lebmuernang_state1
1686825234308,Lebmuernang_state1
1686825234484,Lebmuernang_state1
1686825239238,Lebmuernang_state1
1686825239362,Lebmuernang_state1
1686825239513,Lebmuernang_state1
1686825239626,Lebmuernang_state1
1686825239814,Lebmuernang_state1
1686825239957,Lebmuernang_state1
1686825240096,Lebmuernang_state1
1686825244642,Lebmuernang_state1
1686825244787,Lebmuernang_state1
1686825244925,Lebmuernang_state1
1686825245334,Lebmuernang_state1
1686825245676,Lebmuernang_state1
1686825245854,Lebmuernang_state1
1686825246068,Lebmuernang_state1
1686825250497,Lebmuernang_state1
1686825250717,Lebmuernang_state1
1686825250861,Lebmuernang_state1
1686825251221,Lebmuernang_state1
1686825251621,Lebmuernang_state1
1686825251974,Lebmuernang_state1
1686825252311,Lebmuernang_state1
1686827516620,Lebmuernang_state1
1686827516827,Lebmuernang_state1
1686827516957,Lebmuernang_state1
1686827517122,Lebmuernang_state1
1686827517283,Lebmuernang_state1
1686827517443,Lebmuernang_state1
1686827517606,Lebmuernang_state1
1686827522457,Lebmuernang_state1
1686827522640,Lebmuernang_state1
1686827522816,Lebmuernang_state1
1686827523003,Lebmuernang_state1
1686827523161,Lebmuernang_state1
1686827523360,Lebmuernang_state1
1686827523755,Lebmuernang_state1
1686827527137,Lebmuernang_state1
1686827527318,Lebmuernang_state1
1686827527447,Lebmuernang_state1
1686827527605,Lebmuernang_state1
1686827528006,Lebmuernang_state1
1686827528317,Lebmuernang_state1
1686827528660,Lebmuernang_state1
1686827532332,Lebmuernang_state1
1686827532524,Lebmuernang_state1
1686827532687,Lebmuernang_state1
1686827532822,Lebmuernang_state1
1686827532995,Lebmuernang_state1
1686827533175,Lebmuernang_state1
1686827533515,Lebmuernang_state1
1686827537375,Lebmuernang_state1
1686827537542,Lebmuernang_state1
1686827537706,Lebmuernang_state1
1686827537919,Lebmuernang_state1
1686827538113,Lebmuernang_state1
1686827538286,Lebmuernang_state1
1686827538706,Lebmuernang_state1
1686827542621,Lebmuernang_state1
1686827542778,Lebmuernang_state1
1686827542895,Lebmuernang_state1
1686827543024,Lebmuernang_state1
1686827543795,Lebmuernang_state1
1686827544140,Lebmuernang_state1
1686827544569,Lebmuernang_state1
1686827551147,Lebmuernang_state1
1686827551351,Lebmuernang_state1
1686827551469,Lebmuernang_state1
1686827551593,Lebmuernang_state1
1686827551903,Lebmuernang_state1
1686827552321,Lebmuernang_state1
1686827552646,Lebmuernang_state1
1686827630166,Lebmuernang_state1
1686827630484,Lebmuernang_state1
1686827630782,Lebmuernang_state1
1686827630977,Lebmuernang_state1
1686827631095,Lebmuernang_state1
1686827631228,Lebmuernang_state1
1686827631398,Lebmuernang_state1
1686928469502,Lebmuernang_state1
1686928469778,Lebmuernang_state1
1686928470013,Lebmuernang_state1
1686928470636,Lebmuernang_state1
1686928471037,Lebmuernang_state1
1686928471473,Lebmuernang_state1
1686928471846,Lebmuernang_state1
1686928505989,Lebmuernang_state1
1686928506185,Lebmuernang_state1
1686928506298,Lebmuernang_state1
1686928506561,Lebmuernang_state1
1686928506763,Lebmuernang_state1
1686928507018,Lebmuernang_state1
1686928507457,Lebmuernang_state1
1686935625508,Lebmuernang_state1
1686935625663,Lebmuernang_state1
1686935625771,Lebmuernang_state1
1686935625958,Lebmuernang_state1
1686935626119,Lebmuernang_state1
1686935626238,Lebmuernang_state1
1686935626442,Lebmuernang_state1
1686935632371,Lebmuernang_state1
1686935632559,Lebmuernang_state1
1686935632715,Lebmuernang_state1
1686935632886,Lebmuernang_state1
1686935633023,Lebmuernang_state1
1686935633162,Lebmuernang_state1
1686935633318,Lebmuernang_state1
1686935636653,Lebmuernang_state1
1686935636823,Lebmuernang_state1
1686935636960,Lebmuernang_state1
1686935637070,Lebmuernang_state1
1686935637270,Lebmuernang_state1
1686935637433,Lebmuernang_state1
1686935637550,Lebmuernang_state1
1686935641252,Lebmuernang_state1
1686935641404,Lebmuernang_state1
1686935641548,Lebmuernang_state1
1686935641667,Lebmuernang_state1
1686935641899,Lebmuernang_state1
1686935642053,Lebmuernang_state1
1686935642190,Lebmuernang_state1
1686935645776,Lebmuernang_state1
1686935645994,Lebmuernang_state1
1686935646170,Lebmuernang_state1
1686935646322,Lebmuernang_state1
1686935646555,Lebmuernang_state1
1686935646768,Lebmuernang_state1
1686935646960,Lebmuernang_state1
1686935652322,Lebmuernang_state1
1686935652525,Lebmuernang_state1
1686935652656,Lebmuernang_state1
1686935652816,Lebmuernang_state1
1686935652999,Lebmuernang_state1
1686935653225,Lebmuernang_state1
1686935653474,Lebmuernang_state1
1686935657501,Lebmuernang_state1
1686935657684,Lebmuernang_state1
1686935657787,Lebmuernang_state1
1686935657899,Lebmuernang_state1
1686935658108,Lebmuernang_state1
1686935658261,Lebmuernang_state1
1686935658495,Lebmuernang_state1
1686935662921,Lebmuernang_state1
1686935663071,Lebmuernang_state1
1686935663187,Lebmuernang_state1
1686935663379,Lebmuernang_state1
1686935663530,Lebmuernang_state1
1686935663724,Lebmuernang_state1
1686935663872,Lebmuernang_state1
1687023951078,Lebmuernang_state1
1687023951242,Lebmuernang_state1
1687023951368,Lebmuernang_state1
1687023951587,Lebmuernang_state1
1687023951737,Lebmuernang_state1
1687023951965,Lebmuernang_state1
1687023952195,Lebmuernang_state1
1686928477202,Lebmuernang_state2
1686928477374,Lebmuernang_state2
1686928477530,Lebmuernang_state2
1686928477726,Lebmuernang_state2
1686928477910,Lebmuernang_state2
1686928478109,Lebmuernang_state2
1686928478529,Lebmuernang_state2
1687006647907,Lebmuernang_state2
1687006648098,Lebmuernang_state2
1687006648268,Lebmuernang_state2
1687006654182,Lebmuernang_state2
1687006654332,Lebmuernang_state2
1687006654462,Lebmuernang_state2
1687006654641,Lebmuernang_state2
1687006654986,Lebmuernang_state2
1687006655270,Lebmuernang_state2
1687006655632,Lebmuernang_state2
1687006659669,Lebmuernang_state2
1687006659953,Lebmuernang_state2
1687006660300,Lebmuernang_state2
1687006660508,Lebmuernang_state2
1687006660789,Lebmuernang_state2
1687006660893,Lebmuernang_state2
1687006661029,Lebmuernang_state2
1687006664788,Lebmuernang_state2
1687006664948,Lebmuernang_state2
1687006665096,Lebmuernang_state2
1687006665211,Lebmuernang_state2
1687006665385,Lebmuernang_state2
1687006665607,Lebmuernang_state2
1687006665935,Lebmuernang_state2
1687006675200,Lebmuernang_state2
1687006675345,Lebmuernang_state2
1687006675453,Lebmuernang_state2
1687006675639,Lebmuernang_state2
1687006675787,Lebmuernang_state2
1687006675898,Lebmuernang_state2
1687006676083,Lebmuernang_state2
1687023211608,Lebmuernang_state2
1687023211787,Lebmuernang_state2
1687023211932,Lebmuernang_state2
1687023212314,Lebmuernang_state2
1687023212649,Lebmuernang_state2
1687023213044,Lebmuernang_state2
1687023219643,Lebmuernang_state2
1687023219785,Lebmuernang_state2
1687023219961,Lebmuernang_state2
1687023220100,Lebmuernang_state2
1687023220206,Lebmuernang_state2
1687023220318,Lebmuernang_state2
1687023223790,Lebmuernang_state2
1687023224023,Lebmuernang_state2
1687023224176,Lebmuernang_state2
1687023224309,Lebmuernang_state2
1687023224683,Lebmuernang_state2
1687023225072,Lebmuernang_state2
1687023225449,Lebmuernang_state2
1687023230677,Lebmuernang_state2
1687023230821,Lebmuernang_state2
1687023230934,Lebmuernang_state2
1687023231102,Lebmuernang_state2
1687023231463,Lebmuernang_state2
1687023231858,Lebmuernang_state2
1687023232227,Lebmuernang_state2
1687023236614,Lebmuernang_state2
1687023236820,Lebmuernang_state2
1687023236956,Lebmuernang_state2
1687023237069,Lebmuernang_state2
1687023237245,Lebmuernang_state2
1687023237391,Lebmuernang_state2
1687023237691,Lebmuernang_state2
IMG_20230618_203323,Lebmuernang_state2
IMG_20230618_203429,Lebmuernang_state2
IMG_20230618_204002,Lebmuernang_state2
IMG_20230618_204017,Lebmuernang_state2
IMG_20230618_204042,Lebmuernang_state2
IMG_20230618_204051,Lebmuernang_state2
IMG_20230618_204053,Lebmuernang_state2
IMG_20230618_200545,Lebmuernang_state3
IMG_20230618_200550,Lebmuernang_state3
IMG_20230618_200558,Lebmuernang_state3
IMG_20230618_200604,Lebmuernang_state3
IMG_20230618_201452,Lebmuernang_state3
IMG_20230618_201457,Lebmuernang_state3
IMG_20230618_201502,Lebmuernang_state3
IMG_20230618_201512,Lebmuernang_state3
IMG_20230618_201527,Lebmuernang_state3
IMG_20230618_201533,Lebmuernang_state3
IMG_20230618_201541,Lebmuernang_state3
IMG_20230618_201605,Lebmuernang_state3
IMG_20230618_201637,Lebmuernang_state3
IMG_20230618_201644,Lebmuernang_state3
IMG_20230618_201659,Lebmuernang_state3
IMG_20230618_201711,Lebmuernang_state3
IMG_20230618_201716,Lebmuernang_state3
IMG_20230618_201724,Lebmuernang_state3
IMG_20230618_202111,Lebmuernang_state3
IMG_20230618_202117,Lebmuernang_state3
IMG_20230618_202123,Lebmuernang_state3
IMG_20230618_202129,Lebmuernang_state3
IMG_20230618_202138,Lebmuernang_state3
IMG_20230618_202142,Lebmuernang_state3
IMG_20230618_202153,Lebmuernang_state3
IMG_20230618_203333,Lebmuernang_state3
IMG_20230618_203340,Lebmuernang_state3
IMG_20230618_203447,Lebmuernang_state3
IMG_20230618_203451,Lebmuernang_state3
IMG_20230618_203459,Lebmuernang_state3
IMG_20230618_203542,Lebmuernang_state3
IMG_20230618_203549,Lebmuernang_state3
IMG_20230618_203555,Lebmuernang_state3
IMG_20230618_203606,Lebmuernang_state3
IMG_20230618_203615,Lebmuernang_state3
IMG_20230618_203654,Lebmuernang_state3
IMG_20230618_203659,Lebmuernang_state3
IMG_20230618_203815,Lebmuernang_state3
IMG_20230618_203818,Lebmuernang_state3
IMG_20230618_203823,Lebmuernang_state3
IMG_20230618_203828,Lebmuernang_state3
IMG_20230618_203832,Lebmuernang_state3
IMG_20230618_203837,Lebmuernang_state3
IMG_20230618_203843,Lebmuernang_state3
IMG_20230618_203902,Lebmuernang_state3
IMG_20230618_203906,Lebmuernang_state3
IMG_20230618_203912,Lebmuernang_state3
IMG_20230618_203920,Lebmuernang_state3
IMG_20230618_203924,Lebmuernang_state3
IMG_20230618_203932,Lebmuernang_state3
IMG_20230618_204009,Lebmuernang_state3
IMG_20230619_193525,Lebmuernang_state3
IMG_20230619_193529,Lebmuernang_state3
IMG_20230619_193533,Lebmuernang_state3
IMG_20230619_193537,Lebmuernang_state3
IMG_20230619_193540,Lebmuernang_state3
IMG_20230619_193543,Lebmuernang_state3
IMG_20230619_193546,Lebmuernang_state3
IMG_20230619_193601,Lebmuernang_state3
IMG_20230619_193648,Lebmuernang_state3
IMG_20230619_193650,Lebmuernang_state3
IMG_20230619_193711,Lebmuernang_state3
IMG_20230619_193947,Lebmuernang_state3
IMG_20230619_194232,Lebmuernang_state3
IMG_20230619_194236,Lebmuernang_state3
IMG_20230619_194240,Lebmuernang_state3
IMG_20230619_194243,Lebmuernang_state3
IMG_20230619_194248,Lebmuernang_state3
IMG_20230619_194251,Lebmuernang_state3
IMG_20230619_194255,Lebmuernang_state3
IMG_20230619_194453,Lebmuernang_state3
IMG_20230619_194457,Lebmuernang_state3
IMG_20230619_194459,Lebmuernang_state3
IMG_20230619_194501,Lebmuernang_state3
IMG_20230619_194505,Lebmuernang_state3
IMG_20230619_194507,Lebmuernang_state3
IMG_20230619_194509,Lebmuernang_state3
IMG_20230619_194530,Lebmuernang_state3
IMG_20230619_194532,Lebmuernang_state3
IMG_20230619_194535,Lebmuernang_state3
IMG_20230619_194544,Lebmuernang_state3
IMG_20230619_194546,Lebmuernang_state3
IMG_20230619_194550,Lebmuernang_state3
IMG_20230619_194612,Lebmuernang_state3
IMG_20230619_194615,Lebmuernang_state3
IMG_20230619_194620,Lebmuernang_state3
IMG_20230619_194623,Lebmuernang_state3
IMG_20230619_194628,Lebmuernang_state3
IMG_20230619_194635,Lebmuernang_state3
IMG_20230619_194638,Lebmuernang_state3
IMG_20230619_194746,Lebmuernang_state3
IMG_20230619_194748,Lebmuernang_state3
IMG_20230619_194752,Lebmuernang_state3
IMG_20230619_194755,Lebmuernang_state3
IMG_20230619_194802,Lebmuernang_state3
IMG_20230619_194806,Lebmuernang_state3
IMG_20230619_194815,Lebmuernang_state3
IMG_20230619_194817,Lebmuernang_state3
IMG_20230619_194819,Lebmuernang_state3
IMG_20230619_194822,Lebmuernang_state3
IMG_20230619_194825,Lebmuernang_state3
IMG_20230619_194829,Lebmuernang_state3
IMG_20230619_194833,Lebmuernang_state3
IMG_20230619_194859,Lebmuernang_state3
IMG_20230619_194903,Lebmuernang_state3
IMG_20230619_194907,Lebmuernang_state3
IMG_20230619_194911,Lebmuernang_state3
IMG_20230619_194918,Lebmuernang_state3
IMG_20230619_194926,Lebmuernang_state3
IMG_20230619_194930,Lebmuernang_state3
IMG_20230620_195750,Lebmuernang_state3
IMG_20230620_195756,Lebmuernang_state3
IMG_20230620_195814,Lebmuernang_state3
IMG_20230620_195823,Lebmuernang_state3
IMG_20230620_195832,Lebmuernang_state3
IMG_20230620_195851,Lebmuernang_state3
IMG_20230620_195929,Lebmuernang_state3
IMG_20230620_200006,Lebmuernang_state3
IMG_20230620_200015,Lebmuernang_state3
IMG_20230620_200024,Lebmuernang_state3
IMG_20230620_200036,Lebmuernang_state3
IMG_20230620_200352,Lebmuernang_state3
IMG_20230620_200412,Lebmuernang_state3
IMG_20230620_200420,Lebmuernang_state3
IMG_20230620_200507,Lebmuernang_state3
IMG_20230620_200521,Lebmuernang_state3
IMG_20230620_200550,Lebmuernang_state3
IMG_20230620_200600,Lebmuernang_state3
IMG_20230620_200633,Lebmuernang_state3
IMG_20230620_200640,Lebmuernang_state3
IMG_20230620_200731,Lebmuernang_state3
IMG_20230620_201149,Lebmuernang_state3
IMG_20230620_201242,Lebmuernang_state3
IMG_20230620_201346,Lebmuernang_state3
IMG_20230620_201459,Lebmuernang_state3
IMG_20230620_201638,Lebmuernang_state3
IMG_20230619_193558,Lebmuernang_state4
IMG_20230619_193603,Lebmuernang_state4
IMG_20230619_193607,Lebmuernang_state4
IMG_20230619_193612,Lebmuernang_state4
IMG_20230619_193617,Lebmuernang_state4
IMG_20230619_193626,Lebmuernang_state4
IMG_20230619_193655,Lebmuernang_state4
IMG_20230619_193659,Lebmuernang_state4
IMG_20230619_193706,Lebmuernang_state4
IMG_20230619_193717,Lebmuernang_state4
IMG_20230619_193928,Lebmuernang_state4
IMG_20230619_193932,Lebmuernang_state4
IMG_20230619_193936,Lebmuernang_state4
IMG_20230619_193941,Lebmuernang_state4
IMG_20230619_193945,Lebmuernang_state4
IMG_20230619_193953,Lebmuernang_state4
IMG_20230619_194537,Lebmuernang_state4
IMG_20230619_194759,Lebmuernang_state4
IMG_20230620_195806,Lebmuernang_state4
IMG_20230620_195935,Lebmuernang_state4
IMG_20230620_195941,Lebmuernang_state4
IMG_20230620_200050,Lebmuernang_state4
IMG_20230620_200058,Lebmuernang_state4
IMG_20230620_200107,Lebmuernang_state4
IMG_20230620_200115,Lebmuernang_state4
IMG_20230620_200122,Lebmuernang_state4
IMG_20230620_200132,Lebmuernang_state4
IMG_20230620_200138,Lebmuernang_state4
IMG_20230620_200158,Lebmuernang_state4
IMG_20230620_200205,Lebmuernang_state4
IMG_20230620_200218,Lebmuernang_state4
IMG_20230620_200256,Lebmuernang_state4
IMG_20230620_200317,Lebmuernang_state4
IMG_20230620_200330,Lebmuernang_state4
IMG_20230620_200344,Lebmuernang_state4
IMG_20230620_200358,Lebmuernang_state4
IMG_20230620_200430,Lebmuernang_state4
IMG_20230620_200435,Lebmuernang_state4
IMG_20230620_200536,Lebmuernang_state4
IMG_20230620_200611,Lebmuernang_state4
IMG_20230620_200618,Lebmuernang_state4
IMG_20230620_200814,Lebmuernang_state4
IMG_20230620_201021,Lebmuernang_state4
IMG_20230620_201027,Lebmuernang_state4
IMG_20230620_201033,Lebmuernang_state4
IMG_20230620_201046,Lebmuernang_state4
IMG_20230620_201051,Lebmuernang_state4
IMG_20230620_201055,Lebmuernang_state4
IMG_20230620_201101,Lebmuernang_state4
IMG_20230620_201200,Lebmuernang_state4
IMG_20230620_201208,Lebmuernang_state4
IMG_20230620_201220,Lebmuernang_state4
IMG_20230620_201318,Lebmuernang_state4
IMG_20230620_201410,Lebmuernang_state4
IMG_20230620_201415,Lebmuernang_state4
IMG_20230620_201422,Lebmuernang_state4
IMG_20230620_201429,Lebmuernang_state4
IMG_20230620_201451,Lebmuernang_state4
IMG_20230620_201506,Lebmuernang_state4
IMG_20230620_201548,Lebmuernang_state4
IMG_20230620_201555,Lebmuernang_state4
IMG_20230620_201600,Lebmuernang_state4
IMG_20230620_201648,Lebmuernang_state4
IMG_20230621_174638,Lebmuernang_state4
IMG_20230621_174652,Lebmuernang_state4
IMG_20230621_174708,Lebmuernang_state4
IMG_20230621_174726,Lebmuernang_state4
IMG_20230621_174742,Lebmuernang_state4
IMG_20230621_174909,Lebmuernang_state4
IMG_20230621_174954,Lebmuernang_state4
IMG_20230621_175015,Lebmuernang_state4
IMG_20230621_175050,Lebmuernang_state4
IMG_20230621_175114,Lebmuernang_state4
IMG_20230621_175230,Lebmuernang_state4
IMG_20230621_175248,Lebmuernang_state4
IMG_20230621_175303,Lebmuernang_state4
IMG_20230621_175319,Lebmuernang_state4
IMG_20230621_175329,Lebmuernang_state4
IMG_20230621_175450,Lebmuernang_state4
IMG_20230621_175458,Lebmuernang_state4
IMG_20230621_175503,Lebmuernang_state4
IMG_20230621_175512,Lebmuernang_state4
IMG_20230621_175518,Lebmuernang_state4
IMG_20230621_175536,Lebmuernang_state4
IMG_20230621_175542,Lebmuernang_state4
IMG_20230621_175604,Lebmuernang_state4
IMG_20230621_175614,Lebmuernang_state4
IMG_20230621_175637,Lebmuernang_state4
IMG_20230621_175831,Lebmuernang_state4
IMG_20230621_175846,Lebmuernang_state4
IMG_20230621_175858,Lebmuernang_state4
IMG_20230621_175908,Lebmuernang_state4
IMG_20230621_175917,Lebmuernang_state4
IMG_20230621_175940,Lebmuernang_state4
IMG_20230621_180003,Lebmuernang_state4
IMG_20230621_180025,Lebmuernang_state4
IMG_20230621_180033,Lebmuernang_state4
IMG_20230621_180053,Lebmuernang_state4
IMG_20230621_180107,Lebmuernang_state4
IMG_20230621_180119,Lebmuernang_state4
IMG_20230621_180124,Lebmuernang_state4
IMG_20230621_180131,Lebmuernang_state4
IMG_20230621_180142,Lebmuernang_state4
IMG_20230621_180152,Lebmuernang_state4
IMG_20230621_180209,Lebmuernang_state4
IMG_20230621_180216,Lebmuernang_state4
IMG_20230621_180227,Lebmuernang_state4
IMG_20230621_180234,Lebmuernang_state4
IMG_20230621_180244,Lebmuernang_state4
IMG_20230621_180530,Lebmuernang_state4
IMG_20230621_180554,Lebmuernang_state4
IMG_20230621_180603,Lebmuernang_state4
IMG_20230621_180616,Lebmuernang_state4
IMG_20230621_180658,Lebmuernang_state4
IMG_20230621_180742,Lebmuernang_state4
IMG_20230621_180751,Lebmuernang_state4
IMG_20230621_180801,Lebmuernang_state4
IMG_20230621_180811,Lebmuernang_state4
1686825233472,Lebmuernang_state1
1686825233671,Lebmuernang_state1
1686825233787,Lebmuernang_state1
1686825233941,Lebmuernang_state1
1686825234177,Lebmuernang_state1
1686825234308,Lebmuernang_state1
1686825234484,Lebmuernang_state1
1686825239238,Lebmuernang_state1
1686825239362,Lebmuernang_state1
1686825239513,Lebmuernang_state1
1686825239626,Lebmuernang_state1
1686825239814,Lebmuernang_state1
1686825239957,Lebmuernang_state1
1686825240096,Lebmuernang_state1
1686825244642,Lebmuernang_state1
1686825244787,Lebmuernang_state1
1686825244925,Lebmuernang_state1
1686825245334,Lebmuernang_state1
1686825245676,Lebmuernang_state1
1686825245854,Lebmuernang_state1
1686825246068,Lebmuernang_state1
1686825250497,Lebmuernang_state1
1686825250717,Lebmuernang_state1
1686825250861,Lebmuernang_state1
1686825251221,Lebmuernang_state1
1686825251621,Lebmuernang_state1
1686825251974,Lebmuernang_state1
1686825252311,Lebmuernang_state1
1686827516620,Lebmuernang_state1
1686827516827,Lebmuernang_state1
1686827516957,Lebmuernang_state1
1686827517122,Lebmuernang_state1
1686827517283,Lebmuernang_state1
1686827517443,Lebmuernang_state1
1686827517606,Lebmuernang_state1
1686827522457,Lebmuernang_state1
1686827522640,Lebmuernang_state1
1686827522816,Lebmuernang_state1
1686827523003,Lebmuernang_state1
1686827523161,Lebmuernang_state1
1686827523360,Lebmuernang_state1
1686827523755,Lebmuernang_state1
1686827527137,Lebmuernang_state1
1686827527318,Lebmuernang_state1
1686827527447,Lebmuernang_state1
1686827527605,Lebmuernang_state1
1686827528006,Lebmuernang_state1
1686827528317,Lebmuernang_state1
1686827528660,Lebmuernang_state1
1686827532332,Lebmuernang_state1
1686827532524,Lebmuernang_state1
1686827532687,Lebmuernang_state1
1686827532822,Lebmuernang_state1
1686827532995,Lebmuernang_state1
1686827533175,Lebmuernang_state1
1686827533515,Lebmuernang_state1
1686827537375,Lebmuernang_state1
1686827537542,Lebmuernang_state1
1686827537706,Lebmuernang_state1
1686827537919,Lebmuernang_state1
1686827538113,Lebmuernang_state1
1686827538286,Lebmuernang_state1
1686827538706,Lebmuernang_state1
1686827542621,Lebmuernang_state1
1686827542778,Lebmuernang_state1
1686827542895,Lebmuernang_state1
1686827543024,Lebmuernang_state1
1686827543795,Lebmuernang_state1
1686827544140,Lebmuernang_state1
1686827544569,Lebmuernang_state1
1686827551147,Lebmuernang_state1
1686827551351,Lebmuernang_state1
1686827551469,Lebmuernang_state1
1686827551593,Lebmuernang_state1
1686827551903,Lebmuernang_state1
1686827552321,Lebmuernang_state1
1686827552646,Lebmuernang_state1
1686827630166,Lebmuernang_state1
1686827630484,Lebmuernang_state1
1686827630782,Lebmuernang_state1
1686827630977,Lebmuernang_state1
1686827631095,Lebmuernang_state1
1686827631228,Lebmuernang_state1
1686827631398,Lebmuernang_state1
1686928469502,Lebmuernang_state1
1686928469778,Lebmuernang_state1
1686928470013,Lebmuernang_state1
1686928470636,Lebmuernang_state1
1686928471037,Lebmuernang_state1
1686928471473,Lebmuernang_state1
1686928471846,Lebmuernang_state1
1686928505989,Lebmuernang_state1
1686928506185,Lebmuernang_state1
1686928506298,Lebmuernang_state1
1686928506561,Lebmuernang_state1
1686928506763,Lebmuernang_state1
1686928507018,Lebmuernang_state1
1686928507457,Lebmuernang_state1
1686935625508,Lebmuernang_state1
1686935625663,Lebmuernang_state1
1686935625771,Lebmuernang_state1
1686935625958,Lebmuernang_state1
1686935626119,Lebmuernang_state1
1686935626238,Lebmuernang_state1
1686935626442,Lebmuernang_state1
1686935632371,Lebmuernang_state1
1686935632559,Lebmuernang_state1
1686935632715,Lebmuernang_state1
1686935632886,Lebmuernang_state1
1686935633023,Lebmuernang_state1
1686935633162,Lebmuernang_state1
1686935633318,Lebmuernang_state1
1686935636653,Lebmuernang_state1
1686935636823,Lebmuernang_state1
1686935636960,Lebmuernang_state1
1686935637070,Lebmuernang_state1
1686935637270,Lebmuernang_state1
1686935637433,Lebmuernang_state1
1686935637550,Lebmuernang_state1
1686935641252,Lebmuernang_state1
1686935641404,Lebmuernang_state1
1686935641548,Lebmuernang_state1
1686935641667,Lebmuernang_state1
1686935641899,Lebmuernang_state1
1686935642053,Lebmuernang_state1
1686935642190,Lebmuernang_state1
1686935645776,Lebmuernang_state1
1686935645994,Lebmuernang_state1
1686935646170,Lebmuernang_state1
1686935646322,Lebmuernang_state1
1686935646555,Lebmuernang_state1
1686935646768,Lebmuernang_state1
1686935646960,Lebmuernang_state1
1686935652322,Lebmuernang_state1
1686935652525,Lebmuernang_state1
1686935652656,Lebmuernang_state1
1686935652816,Lebmuernang_state1
1686935652999,Lebmuernang_state1
1686935653225,Lebmuernang_state1
1686935653474,Lebmuernang_state1
1686935657501,Lebmuernang_state1
1686935657684,Lebmuernang_state1
1686935657787,Lebmuernang_state1
1686935657899,Lebmuernang_state1
1686935658108,Lebmuernang_state1
1686935658261,Lebmuernang_state1
1686935658495,Lebmuernang_state1
1686935662921,Lebmuernang_state1
1686935663071,Lebmuernang_state1
1686935663187,Lebmuernang_state1
1686935663379,Lebmuernang_state1
1686935663530,Lebmuernang_state1
1686935663724,Lebmuernang_state1
1686935663872,Lebmuernang_state1
1687023951078,Lebmuernang_state1
1687023951242,Lebmuernang_state1
1687023951368,Lebmuernang_state1
1687023951587,Lebmuernang_state1
1687023951737,Lebmuernang_state1
1687023951965,Lebmuernang_state1
1687023952195,Lebmuernang_state1
